time,vehicle_id,x,y,z,speed,lon,lat
10,0_55,299.89,4699.03,59,0,9.720193762,52.36802738
10.1,0_55,299.87,4699.02,59,0.25,9.720193582,52.36802733
10.2,0_55,299.83,4698.99,59,0.51,9.720193223,52.36802716
10.3,0_55,299.76,4698.95,59,0.76,9.720192594,52.36802694
10.4,0_55,299.68,4698.9,59,1.02,9.720191876,52.36802667
10.5,0_55,299.57,4698.83,59,1.26,9.720190887,52.36802629
10.6,0_55,299.44,4698.75,59,1.47,9.72018972,52.36802585
10.7,0_55,299.3,4698.66,59,1.7,9.720188462,52.36802535
10.8,0_55,299.13,4698.56,59,1.96,9.720186935,52.3680248
10.9,0_55,298.95,4698.44,59,2.18,9.720185318,52.36802415
11,0_55,298.74,4698.32,59,2.42,9.720183431,52.36802349
11.1,0_55,298.53,4698.18,59,2.55,9.720181545,52.36802272
11.2,0_55,298.3,4698.04,59,2.68,9.720179479,52.36802195
11.3,0_55,298.05,4697.89,59,2.89,9.720177233,52.36802113
11.4,0_55,297.8,4697.72,59,3.05,9.720174987,52.3680202
11.5,0_55,297.52,4697.55,59,3.21,9.720172472,52.36801926
11.6,0_55,297.23,4697.37,59,3.43,9.720169867,52.36801828
11.7,0_55,296.93,4697.18,59,3.6,9.720167172,52.36801723
11.8,0_55,296.6,4696.98,59,3.81,9.720164207,52.36801614
11.9,0_55,296.26,4696.77,59,4.03,9.720161153,52.36801499
12,0_55,295.9,4696.54,59,4.24,9.720157919,52.36801372
12.1,0_55,295.52,4696.31,59,4.45,9.720154506,52.36801246
12.2,0_55,295.13,4696.06,59,4.69,9.720151002,52.36801109
12.3,0_55,294.71,4695.8,59,4.91,9.720147229,52.36800967
12.4,0_55,294.28,4695.53,59,5.09,9.720143367,52.36800818
12.5,0_55,293.83,4695.25,59,5.33,9.720139324,52.36800665
12.6,0_55,293.36,4694.96,59,5.46,9.720135102,52.36800506
12.7,0_55,292.89,4694.66,59,5.6,9.72013088,52.36800341
12.8,0_55,292.39,4694.35,59,5.85,9.720126388,52.36800171
12.9,0_55,291.88,4694.04,59,5.99,9.720121807,52.36800001
13,0_55,291.36,4693.71,59,6.21,9.720117136,52.3679982
13.1,0_55,290.81,4693.37,59,6.4,9.720112195,52.36799634
13.2,0_55,290.25,4693.02,59,6.63,9.720107164,52.36799442
13.3,0_55,289.67,4692.66,59,6.85,9.720101954,52.36799244
13.4,0_55,289.07,4692.28,59,7.04,9.720096564,52.36799036
13.5,0_55,288.67,4691.72,59,7.18,9.720092971,52.36798729
13.6,0_55,288.34,4691.05,59,7.44,9.720090007,52.36798361
13.7,0_55,288.01,4690.37,59,7.61,9.720087042,52.36797988
13.8,0_55,287.66,4689.66,59,7.83,9.720083898,52.36797599
13.9,0_55,287.31,4688.94,59,8.04,9.720080754,52.36797204
14,0_55,286.95,4688.2,59,8.22,9.72007752,52.36796798
14.1,0_55,286.58,4687.45,59,8.41,9.720074196,52.36796387
14.2,0_55,286.2,4686.68,59,8.57,9.720070783,52.36795964
14.3,0_55,285.82,4685.89,59,8.76,9.720067369,52.36795531
14.4,0_55,285.43,4685.08,59,8.97,9.720063866,52.36795087
14.5,0_55,285.03,4684.26,59,9.11,9.720060272,52.36794637
14.6,0_55,284.61,4683.42,59,9.36,9.720056499,52.36794176
14.7,0_55,284.2,4682.57,59,9.54,9.720052816,52.3679371
14.8,0_55,283.77,4681.69,59,9.78,9.720048954,52.36793227
14.9,0_55,283.33,4680.79,59,9.95,9.720045001,52.36792734
15,0_55,282.88,4679.88,59,10.21,9.720040959,52.36792234
15.1,0_55,282.42,4678.94,59,10.47,9.720036826,52.36791719
15.2,0_55,281.95,4677.98,59,10.62,9.720032604,52.36791192
15.3,0_55,281.87,4676.91,59,10.84,9.720031886,52.36790605
15.4,0_55,281.85,4675.81,59,11.06,9.720031706,52.36790002
15.5,0_55,281.83,4674.68,59,11.32,9.720031526,52.36789382
15.6,0_55,281.81,4673.53,59,11.46,9.720031347,52.36788751
15.7,0_55,281.79,4672.36,59,11.7,9.720031167,52.3678811
15.8,0_55,281.77,4671.17,59,11.89,9.720030987,52.36787457
15.9,0_55,281.75,4669.97,59,12.03,9.720030808,52.36786799
16,0_55,281.72,4668.75,59,12.2,9.720030538,52.3678613
16.1,0_55,281.7,4667.51,59,12.34,9.720030358,52.36785449
16.2,0_55,281.68,4666.25,59,12.59,9.720030179,52.36784758
16.3,0_55,281.65,4664.98,59,12.76,9.720029909,52.36784062
16.4,0_55,281.63,4663.69,59,12.92,9.72002973,52.36783354
16.5,0_55,281.61,4662.38,59,13.08,9.72002955,52.36782636
16.6,0_55,281.58,4661.07,59,13.15,9.72002928,52.36781917
16.7,0_55,281.56,4659.75,59,13.11,9.720029101,52.36781193
16.8,0_55,281.53,4658.44,59,13.17,9.720028831,52.36780475
16.9,0_55,281.51,4657.13,59,13.05,9.720028652,52.36779756
17,0_55,281.49,4655.82,59,13.13,9.720028472,52.36779037
17.1,0_55,281.46,4654.51,59,13.12,9.720028203,52.36778319
17.2,0_55,281.44,4653.2,59,13.08,9.720028023,52.367776
17.3,0_55,281.41,4651.89,59,13.08,9.720027753,52.36776882
17.4,0_55,281.39,4650.58,59,13.14,9.720027574,52.36776163
17.5,0_55,281.37,4649.27,59,13.09,9.720027394,52.36775445
17.6,0_55,281.34,4647.96,59,13.15,9.720027125,52.36774726
17.7,0_55,281.32,4646.65,59,13.09,9.720026945,52.36774008
17.8,0_55,281.29,4645.34,59,13.06,9.720026675,52.36773289
17.9,0_55,281.27,4644.03,59,13.14,9.720026496,52.36772571
18,0_55,281.25,4642.72,59,13.08,9.720026316,52.36771852
18.1,0_55,281.22,4641.41,59,13.08,9.720026047,52.36771134
18.2,0_55,281.2,4640.11,59,13.05,9.720025867,52.3677042
18.3,0_55,281.17,4638.8,59,13.06,9.720025597,52.36769702
18.4,0_55,281.15,4637.5,59,13.04,9.720025418,52.36768989
18.5,0_55,281.13,4636.19,59,13.07,9.720025238,52.3676827
18.6,0_55,281.1,4634.89,59,13.05,9.720024969,52.36767557
18.7,0_55,281.08,4633.57,59,13.12,9.720024789,52.36766833
18.8,0_55,281.06,4632.26,59,13.15,9.720024609,52.36766115
18.9,0_55,281.03,4630.95,59,13.05,9.72002434,52.36765396
19,0_55,281.01,4629.64,59,13.15,9.72002416,52.36764678
19.1,0_55,280.98,4628.33,59,13.07,9.720023891,52.36763959
19.2,0_55,280.96,4627.03,59,13.06,9.720023711,52.36763246
19.3,0_55,280.94,4625.72,59,13.08,9.720023531,52.36762528
19.4,0_55,280.91,4624.41,59,13.11,9.720023262,52.36761809
19.5,0_55,280.89,4623.09,59,13.16,9.720023082,52.36761085
19.6,0_55,280.86,4621.78,59,13.13,9.720022813,52.36760366
19.7,0_55,280.84,4620.48,59,13.05,9.720022633,52.36759653
19.8,0_55,280.82,4619.16,59,13.14,9.720022453,52.36758929
19.9,0_55,280.79,4617.85,59,13.12,9.720022184,52.36758211
20,0_55,280.77,4616.54,59,13.08,9.720022004,52.36757492
20.1,0_55,280.74,4615.23,59,13.13,9.720021735,52.36756774
20.2,0_55,280.72,4613.92,59,13.1,9.720021555,52.36756055
20.3,0_55,280.7,4612.61,59,13.09,9.720021375,52.36755337
20.4,0_55,280.67,4611.3,59,13.14,9.720021106,52.36754618
20.5,0_55,280.65,4609.99,59,13.11,9.720020926,52.367539
20.6,0_55,280.62,4608.68,59,13.05,9.720020657,52.36753181
20.7,0_55,280.6,4607.37,59,13.14,9.720020477,52.36752462
20.8,0_55,280.58,4606.06,59,13.05,9.720020297,52.36751744
20.9,0_55,280.55,4604.76,59,13.06,9.720020028,52.36751031
21,0_55,280.53,4603.45,59,13.04,9.720019848,52.36750312
21.1,0_55,280.5,4602.14,59,13.15,9.720019579,52.36749594
21.2,0_55,280.48,4600.83,59,13.1,9.720019399,52.36748875
21.3,0_55,280.46,4599.51,59,13.14,9.720019219,52.36748151
21.4,0_55,280.43,4598.21,59,13.04,9.72001895,52.36747438
21.5,0_55,280.41,4596.9,59,13.09,9.72001877,52.3674672
21.6,0_55,280.38,4595.59,59,13.13,9.720018501,52.36746001
21.7,0_55,280.36,4594.28,59,13.11,9.720018321,52.36745282
21.8,0_55,280.34,4592.97,59,13.06,9.720018141,52.36744564
21.9,0_55,280.31,4591.66,59,13.16,9.720017872,52.36743845
22,0_55,280.29,4590.34,59,13.12,9.720017692,52.36743121
22.1,0_55,280.26,4589.03,59,13.15,9.720017423,52.36742403
22.2,0_55,280.24,4587.71,59,13.17,9.720017243,52.36741679
22.3,0_55,280.22,4586.4,59,13.16,9.720017063,52.3674096
22.4,0_55,280.19,4585.08,59,13.17,9.720016794,52.36740236
22.5,0_55,280.17,4583.77,59,13.11,9.720016614,52.36739518
22.6,0_55,280.14,4582.46,59,13.1,9.720016345,52.36738799
22.7,0_55,280.12,4581.15,59,13.1,9.720016165,52.36738081
22.8,0_55,280.09,4579.84,59,13.13,9.720015896,52.36737362
22.9,0_55,280.07,4578.53,59,13.05,9.720015716,52.36736644
23,0_55,280.05,4577.22,59,13.11,9.720015536,52.36735925
23.1,0_55,280.02,4575.91,59,13.1,9.720015267,52.36735206
23.2,0_55,280,4574.6,59,13.09,9.720015087,52.36734488
23.3,0_55,279.98,4573.29,59,13.1,9.720014907,52.36733769
23.4,0_55,279.95,4571.99,59,13.08,9.720014638,52.36733056
23.5,0_55,279.93,4570.68,59,13.05,9.720014458,52.36732338
23.6,0_55,279.9,4569.37,59,13.08,9.720014189,52.36731619
23.7,0_55,279.88,4568.07,59,13.05,9.720014009,52.36730906
23.8,0_55,279.86,4566.75,59,13.15,9.720013829,52.36730182
23.9,0_55,279.83,4565.44,59,13.14,9.72001356,52.36729464
24,0_55,279.81,4564.13,59,13.14,9.72001338,52.36728745
24.1,0_55,279.78,4562.82,59,13.08,9.720013111,52.36728026
24.2,0_55,279.76,4561.5,59,13.16,9.720012931,52.36727302
24.3,0_55,279.74,4560.2,59,13.05,9.720012751,52.36726589
24.4,0_55,279.71,4558.89,59,13.07,9.720012482,52.36725871
24.5,0_55,279.69,4557.58,59,13.14,9.720012302,52.36725152
24.6,0_55,279.66,4556.27,59,13.09,9.720012033,52.36724434
24.7,0_55,279.64,4554.96,59,13.08,9.720011853,52.36723715
24.8,0_55,279.62,4553.65,59,13.09,9.720011674,52.36722997
24.9,0_55,279.59,4552.35,59,13.07,9.720011404,52.36722284
25,0_55,279.57,4551.03,59,13.16,9.720011224,52.3672156
25.1,0_55,279.54,4549.72,59,13.05,9.720010955,52.36720841
25.2,0_55,279.52,4548.42,59,13.08,9.720010775,52.36720128
25.3,0_55,279.5,4547.11,59,13.06,9.720010596,52.36719409
25.4,0_55,279.47,4545.8,59,13.08,9.720010326,52.36718691
25.5,0_55,279.45,4544.49,59,13.12,9.720010146,52.36717972
25.6,0_55,279.42,4543.18,59,13.12,9.720009877,52.36717254
25.7,0_55,279.4,4541.86,59,13.17,9.720009697,52.3671653
25.8,0_55,279.38,4540.56,59,13.06,9.720009518,52.36715817
25.9,0_55,279.35,4539.24,59,13.17,9.720009248,52.36715093
26,0_55,279.33,4537.93,59,13.14,9.720009068,52.36714374
26.1,0_55,279.3,4536.61,59,13.17,9.720008799,52.3671365
26.2,0_55,279.28,4535.3,59,13.1,9.720008619,52.36712931
26.3,0_55,279.26,4533.99,59,13.1,9.72000844,52.36712213
26.4,0_55,279.23,4532.69,59,13.06,9.72000817,52.367115
26.5,0_55,279.21,4531.37,59,13.12,9.72000799,52.36710776
26.6,0_55,279.18,4530.06,59,13.14,9.720007721,52.36710057
26.7,0_55,279.16,4528.74,59,13.16,9.720007541,52.36709333
26.8,0_55,279.14,4527.43,59,13.1,9.720007362,52.36708615
26.9,0_55,279.11,4526.13,59,13.06,9.720007092,52.36707902
27,0_55,279.09,4524.81,59,13.17,9.720006912,52.36707178
27.1,0_55,279.06,4523.51,59,13.07,9.720006643,52.36706464
27.2,0_55,279.04,4522.2,59,13.05,9.720006463,52.36705746
27.3,0_55,279.02,4520.89,59,13.08,9.720006284,52.36705027
27.4,0_55,278.99,4519.58,59,13.12,9.720006014,52.36704309
27.5,0_55,278.97,4518.28,59,13.06,9.720005834,52.36703596
27.6,0_55,278.94,4516.96,59,13.14,9.720005565,52.36702872
27.7,0_55,278.92,4515.65,59,13.12,9.720005385,52.36702153
27.8,0_55,278.9,4514.35,59,13.04,9.720005206,52.3670144
27.9,0_55,278.87,4513.04,59,13.07,9.720004936,52.36700722
28,0_55,278.85,4511.73,59,13.08,9.720004756,52.36700003
28.1,0_55,278.82,4510.42,59,13.1,9.720004487,52.36699284
28.2,0_55,278.8,4509.11,59,13.09,9.720004307,52.36698566
28.3,0_55,278.78,4507.8,59,13.09,9.720004128,52.36697847
28.4,0_55,278.75,4506.5,59,13.05,9.720003858,52.36697134
28.5,0_55,278.73,4505.19,59,13.13,9.720003679,52.36696416
28.6,0_55,278.7,4503.87,59,13.12,9.720003409,52.36695692
28.7,0_55,278.68,4502.56,59,13.09,9.720003229,52.36694973
28.8,0_55,278.66,4501.25,59,13.16,9.72000305,52.36694255
28.9,0_55,278.63,4499.94,59,13.12,9.72000278,52.36693536
29,0_55,278.61,4498.62,59,13.14,9.720002601,52.36692812
29.1,0_55,278.58,4497.31,59,13.1,9.720002331,52.36692093
29.2,0_55,278.56,4496.01,59,13.07,9.720002151,52.3669138
29.3,0_55,278.54,4494.7,59,13.11,9.720001972,52.36690662
29.4,0_55,278.51,4493.39,59,13.1,9.720001702,52.36689943
29.5,0_55,278.49,4492.08,59,13.11,9.720001523,52.36689225
29.6,0_55,278.46,4490.77,59,13.05,9.720001253,52.36688506
29.7,0_55,278.44,4489.47,59,13.05,9.720001073,52.36687793
29.8,0_55,278.42,4488.15,59,13.14,9.720000894,52.36687069
29.9,0_55,278.39,4486.84,59,13.14,9.720000624,52.36686351
30,0_55,278.37,4485.53,59,13.09,9.720000445,52.36685632
30.1,0_55,278.34,4484.21,59,13.17,9.720000175,52.36684908
30.2,0_55,278.32,4482.9,59,13.1,9.719999995,52.36684189
30.3,0_55,278.3,4481.59,59,13.11,9.719999816,52.36683471
30.4,0_55,278.27,4480.29,59,13.05,9.719999546,52.36682758
30.5,0_55,278.25,4478.98,59,13.12,9.719999367,52.36682039
30.6,0_55,278.22,4477.67,59,13.07,9.719999097,52.36681321
30.7,0_55,278.2,4476.36,59,13.11,9.719998917,52.36680602
30.8,0_55,278.18,4475.05,59,13.12,9.719998738,52.36679884
30.9,0_55,278.15,4473.73,59,13.16,9.719998468,52.36679159
31,0_55,278.13,4472.42,59,13.1,9.719998289,52.36678441
31.1,0_55,278.1,4471.11,59,13.1,9.719998019,52.36677722
31.2,0_55,278.08,4469.8,59,13.14,9.719997839,52.36677004
31.3,0_55,278.06,4468.49,59,13.04,9.71999766,52.36676285
31.4,0_55,278.03,4467.18,59,13.14,9.71999739,52.36675567
31.5,0_55,278.01,4465.87,59,13.14,9.719997211,52.36674848
31.6,0_55,277.98,4464.56,59,13.1,9.719996941,52.3667413
31.7,0_55,277.96,4463.24,59,13.14,9.719996761,52.36673406
31.8,0_55,277.94,4461.93,59,13.16,9.719996582,52.36672687
31.9,0_55,277.91,4460.62,59,13.05,9.719996312,52.36671968
32,0_55,277.89,4459.31,59,13.09,9.719996133,52.3667125
32.1,0_55,277.86,4458,59,13.08,9.719995863,52.36670531
32.2,0_55,277.84,4456.7,59,13.07,9.719995683,52.36669818
32.3,0_55,277.82,4455.39,59,13.09,9.719995504,52.366691
32.4,0_55,277.79,4454.08,59,13.13,9.719995234,52.36668381
32.5,0_55,277.77,4452.76,59,13.12,9.719995055,52.36667657
32.6,0_55,277.74,4451.46,59,13.07,9.719994785,52.36666944
32.7,0_55,277.72,4450.15,60,13.09,9.719994606,52.36666225
32.8,0_55,277.7,4448.83,60,13.14,9.719994426,52.36665501
32.9,0_55,277.67,4447.52,60,13.11,9.719994156,52.36664783
33,0_55,277.65,4446.21,60,13.17,9.719993977,52.36664064
33.1,0_55,277.62,4444.89,60,13.16,9.719993707,52.3666334
33.2,0_55,277.6,4443.58,60,13.11,9.719993528,52.36662622
33.3,0_55,277.58,4442.27,60,13.13,9.719993348,52.36661903
33.4,0_55,277.55,4440.96,60,13.09,9.719993078,52.36661185
33.5,0_55,277.53,4439.65,60,13.06,9.719992899,52.36660466
33.6,0_55,277.5,4438.34,60,13.1,9.719992629,52.36659747
33.7,0_55,277.48,4437.03,60,13.15,9.71999245,52.36659029
33.8,0_55,277.46,4435.71,60,13.16,9.71999227,52.36658305
33.9,0_55,277.43,4434.41,60,13.05,9.719992,52.36657592
34,0_55,277.41,4433.1,60,13.05,9.719991821,52.36656873
34.1,0_55,277.38,4431.79,60,13.1,9.719991551,52.36656155
34.2,0_55,277.36,4430.49,60,13.08,9.719991372,52.36655442
34.3,0_55,277.34,4429.17,60,13.17,9.719991192,52.36654718
34.4,0_55,277.31,4427.85,60,13.14,9.719990922,52.36653994
34.5,0_55,277.29,4426.54,60,13.12,9.719990743,52.36653275
34.6,0_55,277.26,4425.24,60,13.06,9.719990473,52.36652562
34.7,0_55,277.24,4423.92,60,13.17,9.719990294,52.36651838
34.8,0_55,277.22,4422.61,60,13.15,9.719990114,52.36651119
34.9,0_55,277.19,4421.29,60,13.16,9.719989844,52.36650395
35,0_55,277.17,4419.98,60,13.13,9.719989665,52.36649677
35.1,0_55,277.14,4418.66,60,13.15,9.719989395,52.36648953
35.2,0_55,277.12,4417.36,60,13.04,9.719989216,52.3664824
35.3,0_55,277.09,4416.04,60,13.15,9.719988946,52.36647516
35.4,0_55,277.07,4414.73,60,13.16,9.719988766,52.36646797
35.5,0_55,277.05,4413.42,60,13.06,9.719988587,52.36646078
35.6,0_55,277.02,4412.11,60,13.14,9.719988317,52.3664536
35.7,0_55,277,4410.8,60,13.05,9.719988138,52.36644641
35.8,0_55,276.98,4409.49,60,13.11,9.719987958,52.36643923
35.9,0_55,276.95,4408.18,60,13.14,9.719987688,52.36643204
36,0_55,276.93,4406.87,60,13.11,9.719987509,52.36642486
36.1,0_55,276.9,4405.56,60,13.12,9.719987239,52.36641767
36.2,0_55,276.88,4404.25,60,13.07,9.71998706,52.36641048
36.3,0_55,276.85,4402.94,60,13.11,9.71998679,52.3664033
36.4,0_55,276.83,4401.63,60,13.06,9.719986611,52.36639611
36.5,0_55,276.81,4400.33,60,13.06,9.719986431,52.36638898
36.6,0_55,276.78,4399.02,60,13.1,9.719986161,52.3663818
36.7,0_55,276.76,4397.71,60,13.13,9.719985982,52.36637461
36.8,0_55,276.74,4396.4,60,13.09,9.719985802,52.36636743
36.9,0_55,276.71,4395.08,60,13.15,9.719985533,52.36636019
37,0_55,276.69,4393.77,60,13.09,9.719985353,52.366353
37.1,0_55,276.66,4392.46,60,13.11,9.719985083,52.36634581
37.2,0_55,276.64,4391.15,60,13.16,9.719984904,52.36633863
37.3,0_55,276.62,4389.84,60,13.05,9.719984724,52.36633144
37.4,0_55,276.59,4388.54,60,13.05,9.719984455,52.36632431
37.5,0_55,276.57,4387.23,60,13.09,9.719984275,52.36631713
37.6,0_55,276.54,4385.91,60,13.13,9.719984005,52.36630989
37.7,0_55,276.52,4384.6,60,13.12,9.719983826,52.3663027
37.8,0_55,276.5,4383.29,60,13.15,9.719983646,52.36629552
37.9,0_55,276.47,4381.98,60,13.12,9.719983377,52.36628833
38,0_55,276.45,4380.66,60,13.15,9.719983197,52.36628109
38.1,0_55,276.42,4379.35,60,13.13,9.719982927,52.3662739
38.2,0_55,276.4,4378.04,60,13.06,9.719982748,52.36626672
38.3,0_55,276.37,4376.73,60,13.13,9.719982478,52.36625953
38.4,0_55,276.35,4375.41,60,13.17,9.719982299,52.36625229
38.5,0_55,276.33,4374.1,60,13.12,9.719982119,52.36624511
38.6,0_55,276.3,4372.8,60,13.04,9.719981849,52.36623798
38.7,0_55,276.28,4371.49,60,13.09,9.71998167,52.36623079
38.8,0_55,276.25,4370.17,60,13.15,9.7199814,52.36622355
38.9,0_55,276.23,4368.87,60,13.07,9.719981221,52.36621642
39,0_55,276.21,4367.56,60,13.07,9.719981041,52.36620923
39.1,0_55,276.18,4366.24,60,13.17,9.719980771,52.36620199
39.2,0_55,276.16,4364.93,60,13.1,9.719980592,52.36619481
39.3,0_55,276.13,4363.63,60,13.08,9.719980322,52.36618768
39.4,0_55,276.11,4362.31,60,13.14,9.719980143,52.36618044
39.5,0_55,276.09,4361.01,60,13.07,9.719979963,52.3661733
39.6,0_55,276.06,4359.7,60,13.05,9.719979693,52.36616612
39.7,0_55,276.04,4358.39,60,13.14,9.719979514,52.36615893
39.8,0_55,276.02,4357.08,60,13.08,9.719979334,52.36615175
39.9,0_55,275.99,4355.77,60,13.04,9.719979065,52.36614456
40,0_55,275.97,4354.47,60,13.04,9.719978885,52.36613743
40.1,0_55,275.94,4353.16,60,13.08,9.719978616,52.36613025
40.2,0_55,275.92,4351.86,60,13.06,9.719978436,52.36612311
40.3,0_55,275.9,4350.55,60,13.06,9.719978256,52.36611593
40.4,0_55,275.87,4349.24,60,13.1,9.719977987,52.36610874
40.5,0_55,275.85,4347.93,60,13.14,9.719977807,52.36610156
40.6,0_55,275.82,4346.62,60,13.08,9.719977538,52.36609437
40.7,0_55,275.8,4345.3,60,13.17,9.719977358,52.36608713
40.8,0_55,275.78,4343.99,60,13.15,9.719977178,52.36607995
40.9,0_55,275.75,4342.68,60,13.08,9.719976909,52.36607276
41,0_55,275.73,4341.37,60,13.11,9.719976729,52.36606557
41.1,0_55,275.7,4340.06,60,13.05,9.71997646,52.36605839
41.2,0_55,275.68,4338.75,60,13.16,9.71997628,52.3660512
41.3,0_55,275.66,4337.43,60,13.17,9.7199761,52.36604396
41.4,0_55,275.63,4336.12,60,13.17,9.719975831,52.36603678
41.5,0_55,275.61,4334.81,60,13.05,9.719975651,52.36602959
41.6,0_55,275.58,4333.51,60,13.06,9.719975382,52.36602246
41.7,0_55,275.56,4332.2,60,13.08,9.719975202,52.36601527
41.8,0_55,275.54,4330.88,60,13.17,9.719975022,52.36600803
41.9,0_55,275.51,4329.58,60,13.05,9.719974753,52.3660009
42,0_55,275.49,4328.26,60,13.13,9.719974573,52.36599366
42.1,0_55,275.46,4326.95,60,13.14,9.719974304,52.36598648
42.2,0_55,275.44,4325.64,60,13.13,9.719974124,52.36597929
42.3,0_55,275.42,4324.32,60,13.15,9.719973944,52.36597205
42.4,0_55,275.39,4323.01,60,13.09,9.719973675,52.36596487
42.5,0_55,275.37,4321.7,60,13.13,9.719973495,52.36595768
42.6,0_55,275.34,4320.39,60,13.09,9.719973226,52.36595049
42.7,0_55,275.32,4319.08,60,13.14,9.719973046,52.36594331
42.8,0_55,275.3,4317.77,60,13.13,9.719972866,52.36593612
42.9,0_55,275.27,4316.46,60,13.11,9.719972597,52.36592894
43,0_55,275.25,4315.15,60,13.09,9.719972417,52.36592175
43.1,0_55,275.22,4313.83,60,13.15,9.719972148,52.36591451
43.2,0_55,275.2,4312.52,60,13.11,9.719971968,52.36590732
43.3,0_55,275.18,4311.21,60,13.08,9.719971788,52.36590014
43.4,0_55,275.15,4309.91,60,13.05,9.719971519,52.36589301
43.5,0_55,275.13,4308.59,60,13.15,9.719971339,52.36588577
43.6,0_55,275.1,4307.28,60,13.14,9.71997107,52.36587858
43.7,0_55,275.08,4305.97,60,13.1,9.71997089,52.3658714
43.8,0_55,275.05,4304.66,60,13.11,9.719970621,52.36586421
43.9,0_55,275.03,4303.35,60,13.1,9.719970441,52.36585702
44,0_55,275.01,4302.04,60,13.09,9.719970261,52.36584984
44.1,0_55,274.98,4300.73,60,13.14,9.719969992,52.36584265
44.2,0_55,274.96,4299.41,60,13.13,9.719969812,52.36583541
44.3,0_55,274.93,4298.1,60,13.11,9.719969543,52.36582823
44.4,0_55,274.91,4296.79,60,13.14,9.719969363,52.36582104
44.5,0_55,274.89,4295.48,60,13.11,9.719969183,52.36581386
44.6,0_55,274.86,4294.16,60,13.14,9.719968914,52.36580662
44.7,0_55,274.84,4292.86,60,13.07,9.719968734,52.36579948
44.8,0_55,274.81,4291.55,60,13.1,9.719968465,52.3657923
44.9,0_55,274.79,4290.23,60,13.17,9.719968285,52.36578506
45,0_55,274.77,4288.92,60,13.12,9.719968105,52.36577787
45.1,0_55,274.74,4287.61,60,13.08,9.719967836,52.36577069
45.2,0_55,274.72,4286.3,60,13.11,9.719967656,52.3657635
45.3,0_55,274.69,4284.99,60,13.14,9.719967387,52.36575632
45.4,0_55,274.67,4283.68,60,13.07,9.719967207,52.36574913
45.5,0_55,274.65,4282.37,60,13.09,9.719967027,52.36574194
45.6,0_55,274.62,4281.06,60,13.13,9.719966758,52.36573476
45.7,0_55,274.6,4279.75,60,13.09,9.719966578,52.36572757
45.8,0_55,274.57,4278.44,60,13.1,9.719966309,52.36572039
45.9,0_55,274.55,4277.13,60,13.16,9.719966129,52.3657132
46,0_55,274.53,4275.82,60,13.05,9.719965949,52.36570602
46.1,0_55,274.5,4274.51,60,13.08,9.71996568,52.36569883
46.2,0_55,274.48,4273.2,60,13.13,9.7199655,52.36569164
46.3,0_55,274.45,4271.89,60,13.13,9.719965231,52.36568446
46.4,0_55,274.43,4270.58,60,13.07,9.719965051,52.36567727
46.5,0_55,274.41,4269.27,60,13.1,9.719964871,52.36567009
46.6,0_55,274.38,4267.95,60,13.17,9.719964602,52.36566285
46.7,0_55,274.36,4266.65,60,13.08,9.719964422,52.36565572
46.8,0_55,274.33,4265.34,60,13.07,9.719964153,52.36564853
46.9,0_55,274.31,4264.03,60,13.15,9.719963973,52.36564134
47,0_55,274.29,4262.71,60,13.15,9.719963793,52.3656341
47.1,0_55,274.26,4261.4,60,13.14,9.719963524,52.36562692
47.2,0_55,274.24,4260.08,60,13.15,9.719963344,52.36561968
47.3,0_55,274.21,4258.77,60,13.15,9.719963075,52.36561249
47.4,0_55,274.19,4257.46,60,13.08,9.719962895,52.36560531
47.5,0_55,274.17,4256.14,60,13.15,9.719962715,52.36559806
47.6,0_55,274.14,4254.83,60,13.11,9.719962446,52.36559088
47.7,0_55,274.12,4253.53,60,13.05,9.719962266,52.36558375
47.8,0_55,274.09,4252.22,60,13.06,9.719961997,52.36557656
47.9,0_55,274.07,4250.92,60,13.05,9.719961817,52.36556943
48,0_55,274.05,4249.6,60,13.13,9.719961637,52.36556219
48.1,0_55,274.02,4248.29,60,13.15,9.719961368,52.36555501
48.2,0_55,274,4246.98,60,13.11,9.719961188,52.36554782
48.3,0_55,273.97,4245.66,60,13.15,9.719960919,52.36554058
48.4,0_55,273.95,4244.36,60,13.05,9.719960739,52.36553345
48.5,0_55,273.93,4243.04,60,13.16,9.719960559,52.36552621
48.6,0_55,273.9,4241.74,60,13.07,9.71996029,52.36551908
48.7,0_55,273.88,4240.42,60,13.16,9.71996011,52.36551184
48.8,0_55,273.85,4239.11,60,13.06,9.719959841,52.36550465
48.9,0_55,273.83,4237.81,60,13.07,9.719959661,52.36549752
49,0_55,273.81,4236.5,60,13.04,9.719959481,52.36549033
49.1,0_55,273.78,4235.19,60,13.14,9.719959212,52.36548315
49.2,0_55,273.76,4233.88,60,13.13,9.719959032,52.36547596
49.3,0_55,273.73,4232.56,60,13.11,9.719958763,52.36546872
49.4,0_55,273.71,4231.26,60,13.08,9.719958583,52.36546159
49.5,0_55,273.69,4229.94,60,13.16,9.719958403,52.36545435
49.6,0_55,273.66,4228.63,60,13.15,9.719958134,52.36544716
49.7,0_55,273.64,4227.31,60,13.13,9.719957954,52.36543992
49.8,0_55,273.61,4226,60,13.13,9.719957685,52.36543274
49.9,0_55,273.59,4224.7,60,13.04,9.719957505,52.36542561
50,0_55,273.57,4223.39,60,13.11,9.719957325,52.36541842
50.1,0_55,273.54,4222.08,60,13.05,9.719957056,52.36541123
50.2,0_55,273.52,4220.77,60,13.13,9.719956876,52.36540405
50.3,0_55,273.49,4219.46,60,13.06,9.719956607,52.36539686
50.4,0_55,273.47,4218.15,60,13.14,9.719956427,52.36538968
50.5,0_55,273.45,4216.84,60,13.12,9.719956247,52.36538249
50.6,0_55,273.42,4215.52,60,13.15,9.719955978,52.36537525
50.7,0_55,273.4,4214.21,60,13.08,9.719955798,52.36536807
50.8,0_55,273.37,4212.9,60,13.11,9.719955529,52.36536088
50.9,0_55,273.35,4211.59,60,13.17,9.719955349,52.36535369
51,0_55,273.33,4210.28,60,13.09,9.719955169,52.36534651
51.1,0_55,273.3,4208.97,60,13.11,9.7199549,52.36533932
51.2,0_55,273.28,4207.65,60,13.16,9.71995472,52.36533208
51.3,0_55,273.25,4206.34,60,13.16,9.719954451,52.3653249
51.4,0_55,273.23,4205.03,60,13.13,9.719954271,52.36531771
51.5,0_55,273.21,4203.72,60,13.08,9.719954092,52.36531052
51.6,0_55,273.18,4202.41,60,13.07,9.719953822,52.36530334
51.7,0_55,273.16,4201.1,60,13.12,9.719953642,52.36529615
51.8,0_55,273.13,4199.79,60,13.08,9.719953373,52.36528897
51.9,0_55,273.11,4198.48,60,13.13,9.719953193,52.36528178
52,0_55,273.09,4197.16,60,13.15,9.719953014,52.36527454
52.1,0_55,273.06,4195.86,60,13.07,9.719952744,52.36526741
52.2,0_55,273.04,4194.54,60,13.12,9.719952564,52.36526017
52.3,0_55,273.01,4193.23,60,13.14,9.719952295,52.36525298
52.4,0_55,272.99,4191.91,60,13.17,9.719952115,52.36524574
52.5,0_55,272.97,4190.6,60,13.11,9.719951936,52.36523856
52.6,0_55,272.94,4189.29,60,13.13,9.719951666,52.36523137
52.7,0_55,272.92,4187.97,60,13.17,9.719951486,52.36522413
52.8,0_55,272.89,4186.66,60,13.1,9.719951217,52.36521694
52.9,0_55,272.87,4185.35,60,13.17,9.719951037,52.36520976
53,0_55,272.85,4184.04,60,13.07,9.719950858,52.36520257
53.1,0_55,272.82,4182.73,60,13.1,9.719950588,52.36519539
53.2,0_55,272.8,4181.42,60,13.1,9.719950408,52.3651882
53.3,0_55,272.77,4180.11,60,13.13,9.719950139,52.36518102
53.4,0_55,272.75,4178.8,60,13.14,9.719949959,52.36517383
53.5,0_55,272.73,4177.48,60,13.12,9.71994978,52.36516659
53.6,0_55,272.7,4176.17,60,13.11,9.71994951,52.3651594
53.7,0_55,272.68,4174.86,60,13.12,9.71994933,52.36515222
53.8,0_55,272.65,4173.56,60,13.05,9.719949061,52.36514509
53.9,0_55,272.63,4172.24,60,13.13,9.719948881,52.36513785
54,0_55,272.61,4170.93,60,13.13,9.719948702,52.36513066
54.1,0_55,272.58,4169.62,60,13.15,9.719948432,52.36512347
54.2,0_55,272.56,4168.3,60,13.16,9.719948252,52.36511623
54.3,0_55,272.53,4166.99,60,13.04,9.719947983,52.36510905
54.4,0_55,272.51,4165.68,60,13.11,9.719947803,52.36510186
54.5,0_55,272.49,4164.38,60,13.07,9.719947624,52.36509473
54.6,0_55,272.46,4163.06,60,13.13,9.719947354,52.36508749
54.7,0_55,272.44,4161.76,60,13.05,9.719947174,52.36508036
54.8,0_55,272.41,4160.45,60,13.14,9.719946905,52.36507317
54.9,0_55,272.39,4159.14,60,13.1,9.719946725,52.36506599
55,0_55,272.37,4157.83,60,13.09,9.719946546,52.3650588
55.1,0_55,272.34,4156.51,60,13.14,9.719946276,52.36505156
55.2,0_55,272.32,4155.2,60,13.12,9.719946096,52.36504438
55.3,0_55,272.29,4153.89,60,13.11,9.719945827,52.36503719
55.4,0_55,272.27,4152.59,60,13.05,9.719945647,52.36503006
55.5,0_55,272.25,4151.28,60,13.1,9.719945468,52.36502287
55.6,0_55,272.22,4149.97,60,13.07,9.719945198,52.36501569
55.7,0_55,272.2,4148.66,60,13.11,9.719945019,52.3650085
55.8,0_55,272.17,4147.35,60,13.13,9.719944749,52.36500131
55.9,0_55,272.15,4146.04,60,13.12,9.719944569,52.36499413
56,0_55,272.13,4144.72,60,13.14,9.71994439,52.36498689
56.1,0_55,272.1,4143.41,60,13.14,9.71994412,52.3649797
56.2,0_55,272.08,4142.11,60,13.04,9.719943941,52.36497257
56.3,0_55,272.05,4140.79,60,13.16,9.719943671,52.36496533
56.4,0_55,272.03,4139.48,60,13.07,9.719943491,52.36495814
56.5,0_55,272.01,4138.17,60,13.09,9.719943312,52.36495096
56.6,0_55,271.98,4136.86,60,13.17,9.719943042,52.36494377
56.7,0_55,271.96,4135.54,60,13.14,9.719942863,52.36493653
56.8,0_55,271.93,4134.24,60,13.08,9.719942593,52.3649294
56.9,0_55,271.91,4132.92,60,13.15,9.719942413,52.36492216
57,0_55,271.89,4131.61,60,13.09,9.719942234,52.36491498
57.1,0_55,271.86,4130.3,60,13.11,9.719941964,52.36490779
57.2,0_55,271.84,4128.99,60,13.13,9.719941785,52.3649006
57.3,0_55,271.81,4127.68,60,13.12,9.719941515,52.36489342
57.4,0_55,271.79,4126.37,60,13.09,9.719941335,52.36488623
57.5,0_55,271.77,4125.07,60,13.05,9.719941156,52.3648791
57.6,0_55,271.74,4123.76,60,13.06,9.719940886,52.36487191
57.7,0_55,271.72,4122.44,60,13.17,9.719940707,52.36486467
57.8,0_55,271.69,4121.13,60,13.14,9.719940437,52.36485749
57.9,0_55,271.67,4119.82,60,13.12,9.719940257,52.3648503
58,0_55,271.65,4118.5,60,13.15,9.719940078,52.36484306
58.1,0_55,271.62,4117.19,60,13.11,9.719939808,52.36483588
58.2,0_55,271.6,4115.88,60,13.1,9.719939629,52.36482869
58.3,0_55,271.57,4114.57,60,13.1,9.719939359,52.3648215
58.4,0_55,271.55,4113.26,60,13.13,9.719939179,52.36481432
58.5,0_55,271.53,4111.95,60,13.07,9.719939,52.36480713
58.6,0_55,271.5,4110.65,60,13.07,9.71993873,52.3648
58.7,0_55,271.48,4109.34,60,13.06,9.719938551,52.36479282
58.8,0_55,271.45,4108.03,60,13.15,9.719938281,52.36478563
58.9,0_55,271.43,4106.72,60,13.11,9.719938101,52.36477844
59,0_55,271.41,4105.4,60,13.14,9.719937922,52.3647712
59.1,0_55,271.38,4104.09,60,13.16,9.719937652,52.36476402
59.2,0_55,271.36,4102.78,60,13.08,9.719937473,52.36475683
59.3,0_55,271.33,4101.47,60,13.08,9.719937203,52.36474965
59.4,0_55,271.31,4100.17,60,13.06,9.719937024,52.36474251
59.5,0_55,271.29,4098.86,60,13.11,9.719936844,52.36473533
59.6,0_55,271.26,4097.55,60,13.08,9.719936574,52.36472814
59.7,0_55,271.24,4096.24,60,13.08,9.719936395,52.36472096
59.8,0_55,271.21,4094.93,60,13.09,9.719936125,52.36471377
59.9,0_55,271.19,4093.62,60,13.13,9.719935946,52.36470658
60,0_55,271.17,4092.31,60,13.12,9.719935766,52.3646994
60.1,0_55,271.14,4090.99,60,13.15,9.719935496,52.36469216
60.2,0_55,271.12,4089.68,60,13.17,9.719935317,52.36468497
60.3,0_55,271.09,4088.36,60,13.13,9.719935047,52.36467773
60.4,0_55,271.07,4087.05,60,13.16,9.719934868,52.36467055
60.5,0_55,271.05,4085.74,60,13.1,9.719934688,52.36466336
60.6,0_55,271.02,4084.42,60,13.14,9.719934418,52.36465612
60.7,0_55,271,4083.12,60,13.05,9.719934239,52.36464899
60.8,0_55,271.42,4081.89,60,13.1,9.719938012,52.36464224
60.9,0_55,271.94,4080.69,60,13.07,9.719942683,52.36463566
61,0_55,272.45,4079.49,60,13.06,9.719947264,52.36462908
61.1,0_55,272.95,4078.28,60,13.05,9.719951756,52.36462244
61.2,0_55,273.47,4077.08,60,13.08,9.719956427,52.36461586
61.3,0_55,273.98,4075.87,60,13.09,9.719961009,52.36460922
61.4,0_55,274.49,4074.67,60,13.13,9.71996559,52.36460264
61.5,0_55,275,4073.46,60,13.06,9.719970171,52.364596
61.6,0_55,275.51,4072.25,60,13.16,9.719974753,52.36458936
61.7,0_55,276.02,4071.05,61,13.07,9.719979334,52.36458278
61.8,0_55,276.54,4069.84,61,13.12,9.719984005,52.36457614
61.9,0_55,277.05,4068.63,61,13.15,9.719988587,52.3645695
62,0_55,277.56,4067.42,61,13.14,9.719993168,52.36456287
62.1,0_55,278.07,4066.21,61,13.07,9.71999775,52.36455623
62.2,0_55,278.58,4065.01,61,13.05,9.720002331,52.36454965
62.3,0_55,279.09,4063.81,61,13.05,9.720006912,52.36454306
62.4,0_55,279.6,4062.61,61,13.08,9.720011494,52.36453648
62.5,0_55,280.11,4061.4,61,13.06,9.720016075,52.36452984
62.6,0_55,280.63,4060.19,61,13.17,9.720020746,52.36452321
62.7,0_55,281.14,4058.99,61,13.1,9.720025328,52.36451662
62.8,0_55,281.65,4057.78,61,13.07,9.720029909,52.36450999
62.9,0_55,282.16,4056.57,61,13.15,9.720034491,52.36450335
63,0_55,282.67,4055.37,61,13.09,9.720039072,52.36449677
63.1,0_55,283.18,4054.16,61,13.11,9.720043654,52.36449013
63.2,0_55,283.7,4052.95,61,13.14,9.720048325,52.36448349
63.3,0_55,284.21,4051.74,61,13.15,9.720052906,52.36447686
63.4,0_55,284.72,4050.53,61,13.13,9.720057488,52.36447022
63.5,0_55,285.25,4049.33,61,13.1,9.720062249,52.36446364
63.6,0_55,285.93,4048.2,61,13.15,9.720068357,52.36445744
63.7,0_55,286.6,4047.08,61,13.1,9.720074376,52.36445129
63.8,0_55,287.28,4045.96,61,13.13,9.720080484,52.36444515
63.9,0_55,287.95,4044.84,61,13.04,9.720086503,52.36443901
64,0_55,288.63,4043.71,61,13.14,9.720092612,52.36443281
64.1,0_55,289.3,4042.59,61,13.07,9.72009863,52.36442666
64.2,0_55,289.98,4041.46,61,13.17,9.720104739,52.36442046
64.3,0_55,290.65,4040.34,61,13.13,9.720110758,52.36441432
64.4,0_55,291.33,4039.21,61,13.12,9.720116866,52.36440812
64.5,0_55,292.01,4038.09,61,13.14,9.720122975,52.36440198
64.6,0_55,292.68,4036.96,61,13.12,9.720128993,52.36439578
64.7,0_55,293.35,4035.84,61,13.06,9.720135012,52.36438964
64.8,0_55,294.03,4034.71,61,13.17,9.720141121,52.36438344
64.9,0_55,294.71,4033.59,61,13.08,9.720147229,52.36437729
65,0_55,295.38,4032.47,61,13.05,9.720153248,52.36437115
65.1,0_55,296.05,4031.35,61,13.11,9.720159267,52.36436501
65.2,0_55,296.73,4030.23,61,13.12,9.720165375,52.36435886
65.3,0_55,297.4,4029.1,61,13.09,9.720171394,52.36435266
65.4,0_55,298.08,4027.98,61,13.1,9.720177503,52.36434652
65.5,0_55,298.75,4026.86,61,13.08,9.720183521,52.36434038
65.6,0_55,299.43,4025.73,61,13.14,9.72018963,52.36433418
65.7,0_55,300.11,4024.61,61,13.15,9.720195738,52.36432803
65.8,0_55,300.78,4023.48,61,13.13,9.720201757,52.36432184
65.9,0_55,301.46,4022.36,61,13.1,9.720207866,52.36431569
66,0_55,302.13,4021.23,61,13.1,9.720213884,52.36430949
66.1,0_55,302.81,4020.11,61,13.11,9.720219993,52.36430335
66.2,0_55,303.48,4018.99,61,13.08,9.720226012,52.36429721
66.3,0_55,304.16,4017.86,61,13.14,9.72023212,52.36429101
66.4,0_55,304.83,4016.75,61,13.05,9.720238139,52.36428492
66.5,0_55,305.51,4015.62,61,13.13,9.720244247,52.36427872
66.6,0_55,306.18,4014.5,61,13.09,9.720250266,52.36427258
66.7,0_55,306.86,4013.37,61,13.16,9.720256375,52.36426638
66.8,0_55,307.53,4012.25,61,13.12,9.720262393,52.36426023
66.9,0_55,308.21,4011.12,61,13.07,9.720268502,52.36425404
67,0_55,308.88,4010,61,13.13,9.720274521,52.36424789
67.1,0_55,309.56,4008.88,61,13.04,9.720280629,52.36424175
67.2,0_55,310.23,4007.76,61,13.07,9.720286648,52.3642356
67.3,0_55,310.9,4006.64,61,13.06,9.720292667,52.36422946
67.4,0_55,311.58,4005.52,61,13.13,9.720298775,52.36422332
67.5,0_55,312.26,4004.39,61,13.16,9.720304884,52.36421712
67.6,0_55,312.93,4003.27,61,13.1,9.720310902,52.36421098
67.7,0_55,313.61,4002.14,61,13.13,9.720317011,52.36420478
67.8,0_55,314.28,4001.02,61,13.05,9.72032303,52.36419863
67.9,0_55,314.95,3999.9,61,13.05,9.720329048,52.36419249
68,0_55,315.63,3998.78,61,13.15,9.720335157,52.36418635
68.1,0_55,316.31,3997.65,61,13.17,9.720341265,52.36418015
68.2,0_55,316.98,3996.53,61,13.08,9.720347284,52.364174
68.3,0_55,317.65,3995.41,61,13.08,9.720353303,52.36416786
68.4,0_55,318.33,3994.29,61,13.08,9.720359411,52.36416172
68.5,0_55,319,3993.16,61,13.1,9.72036543,52.36415552
68.6,0_55,319.68,3992.03,61,13.17,9.720371539,52.36414932
68.7,0_55,320.36,3990.91,61,13.16,9.720377647,52.36414317
68.8,0_55,321.03,3989.79,61,13.05,9.720383666,52.36413703
68.9,0_55,321.7,3988.67,61,13.06,9.720389685,52.36413089
69,0_55,322.38,3987.54,61,13.12,9.720395793,52.36412469
69.1,0_55,323.05,3986.42,61,13.11,9.720401812,52.36411854
69.2,0_55,323.73,3985.3,61,13.08,9.72040792,52.3641124
69.3,0_55,324.4,3984.17,61,13.12,9.720413939,52.3641062
69.4,0_55,325.08,3983.05,61,13.14,9.720420048,52.36410006
69.5,0_55,325.76,3981.92,61,13.12,9.720426156,52.36409386
69.6,0_55,326.43,3980.8,61,13.14,9.720432175,52.36408772
69.7,0_55,327.11,3979.68,61,13.07,9.720438283,52.36408157
69.8,0_55,327.78,3978.55,61,13.13,9.720444302,52.36407537
69.9,0_55,328.45,3977.43,61,13.05,9.720450321,52.36406923
70,0_55,329.13,3976.31,61,13.15,9.720456429,52.36406309
70.1,0_55,329.81,3975.18,61,13.11,9.720462538,52.36405689
70.2,0_55,330.5,3974.08,61,13.05,9.720468736,52.36405085
70.3,0_55,331.27,3973.01,61,13.13,9.720475653,52.36404498
70.4,0_55,332.03,3971.94,61,13.17,9.720482481,52.36403911
70.5,0_55,332.8,3970.88,61,13.08,9.720489398,52.3640333
70.6,0_55,333.56,3969.82,61,13.06,9.720496225,52.36402749
70.7,0_55,334.32,3968.76,61,13.06,9.720503052,52.36402167
70.8,0_55,335.09,3967.69,61,13.13,9.720509969,52.3640158
70.9,0_55,335.86,3966.63,61,13.13,9.720516886,52.36400999
71,0_55,336.62,3965.57,61,13.05,9.720523713,52.36400417
71.1,0_55,337.38,3964.5,61,13.1,9.72053054,52.3639983
71.2,0_55,338.15,3963.44,61,13.12,9.720537457,52.36399249
71.3,0_55,338.91,3962.38,61,13.06,9.720544285,52.36398667
71.4,0_55,339.68,3961.31,61,13.11,9.720551202,52.3639808
71.5,0_55,340.44,3960.25,61,13.11,9.720558029,52.36397499
71.6,0_55,341.21,3959.18,61,13.11,9.720564946,52.36396912
71.7,0_55,341.98,3958.12,61,13.17,9.720571863,52.36396331
71.8,0_55,342.74,3957.06,61,13.05,9.72057869,52.36395749
71.9,0_55,343.51,3955.99,61,13.12,9.720585607,52.36395162
72,0_55,344.27,3954.93,61,13.09,9.720592434,52.36394581
72.1,0_55,345.03,3953.87,61,13.05,9.720599262,52.36393999
72.2,0_55,345.8,3952.8,61,13.14,9.720606179,52.36393412
72.3,0_55,346.56,3951.74,61,13.04,9.720613006,52.36392831
72.4,0_55,347.33,3950.68,61,13.08,9.720619923,52.36392249
72.5,0_55,348.09,3949.61,61,13.16,9.72062675,52.36391662
72.6,0_55,348.86,3948.55,61,13.12,9.720633667,52.36391081
72.7,0_55,349.63,3947.48,61,13.12,9.720640584,52.36390494
72.8,0_55,350.39,3946.42,61,13.14,9.720647411,52.36389912
72.9,0_55,351.16,3945.35,61,13.1,9.720654328,52.36389326
73,0_55,351.93,3944.28,61,13.15,9.720661245,52.36388739
73.1,0_55,352.69,3943.22,61,13.12,9.720668072,52.36388157
73.2,0_55,353.46,3942.15,61,13.11,9.72067499,52.3638757
73.3,0_55,354.22,3941.09,61,13.07,9.720681817,52.36386989
73.4,0_55,354.98,3940.03,61,13.07,9.720688644,52.36386407
73.5,0_55,355.75,3938.97,61,13.15,9.720695561,52.36385826
73.6,0_55,356.52,3937.9,61,13.09,9.720702478,52.36385239
73.7,0_55,357.28,3936.84,61,13.14,9.720709305,52.36384657
73.8,0_55,358.05,3935.78,61,13.04,9.720716222,52.36384076
73.9,0_55,358.82,3934.71,61,13.17,9.720723139,52.36383489
74,0_55,359.58,3933.64,61,13.1,9.720729966,52.36382902
74.1,0_55,360.35,3932.58,61,13.16,9.720736883,52.36382321
74.2,0_55,361.12,3931.51,61,13.14,9.7207438,52.36381734
74.3,0_55,361.88,3930.45,61,13.05,9.720750628,52.36381152
74.4,0_55,362.65,3929.38,61,13.17,9.720757545,52.36380565
74.5,0_55,363.41,3928.32,61,13.08,9.720764372,52.36379984
74.6,0_55,364.17,3927.26,61,13.08,9.720771199,52.36379402
74.7,0_55,364.94,3926.2,61,13.04,9.720778116,52.36378821
74.8,0_55,365.7,3925.13,61,13.13,9.720784943,52.36378234
74.9,0_55,366.47,3924.07,61,13.06,9.72079186,52.36377652
75,0_55,367.23,3923.01,61,13.07,9.720798688,52.36377071
75.1,0_55,368,3921.94,61,13.12,9.720805605,52.36376484
75.2,0_55,368.76,3920.88,61,13.15,9.720812432,52.36375902
75.3,0_55,369.53,3919.81,61,13.14,9.720819349,52.36375316
75.4,0_55,370.3,3918.74,61,13.11,9.720826266,52.36374729
75.5,0_55,371.06,3917.68,61,13.1,9.720833093,52.36374147
75.6,0_55,371.83,3916.61,56,13.17,9.72084001,52.3637356
75.7,0_55,372.59,3915.55,56,13.07,9.720846837,52.36372979
75.8,0_55,373.36,3914.48,56,13.15,9.720853754,52.36372392
75.9,0_55,374.13,3913.42,56,13.08,9.720860671,52.3637181
76,0_55,374.89,3912.35,56,13.15,9.720867498,52.36371223
76.1,0_55,375.66,3911.29,56,13.13,9.720874416,52.36370642
76.2,0_55,376.43,3910.22,56,13.14,9.720881333,52.36370055
76.3,0_55,377.19,3909.16,56,13.09,9.72088816,52.36369473
76.4,0_55,377.96,3908.1,56,13.09,9.720895077,52.36368892
76.5,0_55,378.73,3907.03,56,13.17,9.720901994,52.36368305
76.6,0_55,379.49,3905.96,56,13.15,9.720908821,52.36367718
76.7,0_55,380.26,3904.89,56,13.13,9.720915738,52.36367131
76.8,0_55,381.03,3903.83,56,13.13,9.720922655,52.3636655
76.9,0_55,381.79,3902.76,56,13.14,9.720929482,52.36365963
77,0_55,382.56,3901.7,56,13.07,9.720936399,52.36365381
77.1,0_55,383.32,3900.63,56,13.16,9.720943226,52.36364794
77.2,0_55,384.09,3899.57,56,13.07,9.720950143,52.36364213
77.3,0_55,384.85,3898.51,56,13.12,9.720956971,52.36363631
77.4,0_55,385.62,3897.44,56,13.15,9.720963888,52.36363044
77.5,0_55,386.39,3896.37,56,13.14,9.720970805,52.36362457
77.6,0_55,387.16,3895.3,56,13.14,9.720977722,52.3636187
77.7,0_55,387.92,3894.24,56,13.16,9.720984549,52.36361289
77.8,0_55,388.69,3893.17,56,13.11,9.720991466,52.36360702
77.9,0_55,389.46,3892.11,56,13.15,9.720998383,52.36360121
78,0_55,390.22,3891.05,56,13.05,9.72100521,52.36359539
78.1,0_55,390.99,3889.98,56,13.14,9.721012127,52.36358952
78.2,0_55,391.75,3888.92,56,13.1,9.721018954,52.36358371
78.3,0_55,392.51,3887.86,56,13.05,9.721025782,52.36357789
78.4,0_55,393.28,3886.79,56,13.13,9.721032699,52.36357202
78.5,0_55,394.05,3885.72,56,13.13,9.721039616,52.36356615
78.6,0_55,394.82,3884.66,56,13.16,9.721046533,52.36356034
78.7,0_55,395.58,3883.59,56,13.13,9.72105336,52.36355447
78.8,0_55,396.35,3882.52,56,13.14,9.721060277,52.3635486
78.9,0_55,397.12,3881.46,56,13.09,9.721067194,52.36354278
79,0_55,397.88,3880.39,56,13.17,9.721074021,52.36353692
79.1,0_55,398.65,3879.32,56,13.17,9.721080938,52.36353105
79.2,0_55,399.42,3878.26,56,13.08,9.721087855,52.36352523
79.3,0_55,400.18,3877.2,56,13.06,9.721094682,52.36351942
79.4,0_55,400.95,3876.13,56,13.14,9.721101599,52.36351355
79.5,0_55,401.71,3875.07,56,13.12,9.721108427,52.36350773
79.6,0_55,402.48,3874.01,56,13.07,9.721115344,52.36350192
79.7,0_55,403.24,3872.95,56,13.06,9.721122171,52.3634961
79.8,0_55,404.01,3871.88,56,13.13,9.721129088,52.36349023
79.9,0_55,404.77,3870.81,56,13.13,9.721135915,52.36348436
80,0_55,405.54,3869.74,56,13.17,9.721142832,52.36347849
80.1,0_55,406.3,3868.68,56,13.06,9.721149659,52.36347268
80.2,0_55,407.07,3867.63,56,13.05,9.721156576,52.36346692
80.3,0_55,407.83,3866.56,56,13.13,9.721163404,52.36346105
80.4,0_55,408.59,3865.5,56,13.05,9.721170231,52.36345524
80.5,0_55,409.36,3864.44,56,13.06,9.721177148,52.36344942
80.6,0_55,410.12,3863.38,56,13.06,9.721183975,52.36344361
80.7,0_55,410.89,3862.31,56,13.16,9.721190892,52.36343774
80.8,0_55,411.65,3861.25,56,13.08,9.721197719,52.36343192
80.9,0_55,412.42,3860.18,56,13.17,9.721204636,52.36342605
81,0_55,413.19,3859.11,56,13.15,9.721211553,52.36342018
81.1,0_55,413.95,3858.05,56,13.07,9.72121838,52.36341437
81.2,0_55,414.72,3856.99,56,13.07,9.721225297,52.36340855
81.3,0_55,415.48,3855.92,56,13.13,9.721232125,52.36340268
81.4,0_55,416.25,3854.86,56,13.12,9.721239042,52.36339687
81.5,0_55,417.02,3853.79,56,13.15,9.721245959,52.363391
81.6,0_55,417.78,3852.73,56,13.08,9.721252786,52.36338518
81.7,0_55,418.54,3851.67,56,13.08,9.721259613,52.36337937
81.8,0_55,419.31,3850.6,56,13.13,9.72126653,52.3633735
81.9,0_55,420.08,3849.54,56,13.11,9.721273447,52.36336769
82,0_55,420.84,3848.47,56,13.16,9.721280274,52.36336182
82.1,0_55,421.61,3847.41,56,13.11,9.721287191,52.363356
82.2,0_55,422.37,3846.34,56,13.09,9.721294019,52.36335013
82.3,0_55,423.14,3845.28,56,13.06,9.721300936,52.36334432
82.4,0_55,423.9,3844.22,56,13.05,9.721307763,52.3633385
82.5,0_55,424.66,3843.16,56,13.05,9.72131459,52.36333269
82.6,0_55,425.43,3842.1,56,13.16,9.721321507,52.36332687
82.7,0_55,426.19,3841.03,56,13.07,9.721328334,52.363321
82.8,0_55,426.96,3839.97,56,13.17,9.721335251,52.36331519
82.9,0_55,427.72,3838.89,56,13.17,9.721342078,52.36330926
83,0_55,428.45,3837.81,56,13.05,9.721348636,52.36330334
83.1,0_55,429.19,3836.73,56,13.08,9.721355284,52.36329742
83.2,0_55,429.93,3835.65,56,13.06,9.721361931,52.36329149
83.3,0_55,430.68,3834.57,56,13.16,9.721368669,52.36328557
83.4,0_55,431.42,3833.49,56,13.07,9.721375316,52.36327964
83.5,0_55,432.16,3832.41,56,13.11,9.721381964,52.36327372
83.6,0_55,432.9,3831.33,56,13.11,9.721388611,52.36326779
83.7,0_55,433.64,3830.25,56,13.14,9.721395259,52.36326187
83.8,0_55,434.39,3829.16,56,13.16,9.721401996,52.36325589
83.9,0_55,435.13,3828.08,56,13.15,9.721408644,52.36324996
84,0_55,435.87,3827,56,13.1,9.721415291,52.36324404
84.1,0_55,436.61,3825.92,56,13.08,9.721421939,52.36323812
84.2,0_55,437.36,3824.83,56,13.15,9.721428676,52.36323214
84.3,0_55,438.1,3823.75,56,13.1,9.721435324,52.36322621
84.4,0_55,438.84,3822.67,56,13.12,9.721441971,52.36322029
84.5,0_55,439.58,3821.59,56,13.15,9.721448619,52.36321436
84.6,0_55,440.32,3820.51,56,13.09,9.721455266,52.36320844
84.7,0_55,441.06,3819.43,56,13.08,9.721461914,52.36320251
84.8,0_55,441.81,3818.34,56,13.16,9.721468651,52.36319654
84.9,0_55,442.55,3817.27,56,13.06,9.721475299,52.36319067
85,0_55,443.29,3816.19,56,13.1,9.721481946,52.36318474
85.1,0_55,444.03,3815.11,56,13.09,9.721488594,52.36317882
85.2,0_55,444.77,3814.03,56,13.08,9.721495241,52.36317289
85.3,0_55,445.51,3812.95,56,13.08,9.721501889,52.36316697
85.4,0_55,446.25,3811.87,56,13.17,9.721508536,52.36316104
85.5,0_55,447,3810.79,56,13.1,9.721515274,52.36315512
85.6,0_55,447.74,3809.7,56,13.11,9.721521921,52.36314914
85.7,0_55,448.48,3808.62,56,13.17,9.721528569,52.36314322
85.8,0_55,449.23,3807.53,56,13.16,9.721535306,52.36313724
85.9,0_55,449.97,3806.45,56,13.11,9.721541954,52.36313131
86,0_55,450.71,3805.37,56,13.09,9.721548601,52.36312539
86.1,0_55,451.45,3804.29,56,13.1,9.721555249,52.36311946
86.2,0_55,452.19,3803.21,56,13.15,9.721561896,52.36311354
86.3,0_55,452.93,3802.13,56,13.05,9.721568544,52.36310761
86.4,0_55,453.67,3801.06,56,13.07,9.721575191,52.36310174
86.5,0_55,454.41,3799.98,56,13.09,9.721581839,52.36309582
86.6,0_55,455.15,3798.9,56,13.07,9.721588486,52.3630899
86.7,0_55,455.89,3797.82,56,13.07,9.721595134,52.36308397
86.8,0_55,456.63,3796.74,56,13.07,9.721601781,52.36307805
86.9,0_55,457.37,3795.66,56,13.15,9.721608429,52.36307212
87,0_55,458.12,3794.57,56,13.17,9.721615166,52.36306614
87.1,0_55,458.86,3793.49,56,13.1,9.721621814,52.36306022
87.2,0_55,459.6,3792.41,56,13.08,9.721628461,52.36305429
87.3,0_55,460.34,3791.33,56,13.12,9.721635109,52.36304837
87.4,0_55,461.08,3790.26,56,13.06,9.721641756,52.3630425
87.5,0_55,461.82,3789.18,56,13.1,9.721648404,52.36303657
87.6,0_55,462.56,3788.1,56,13.06,9.721655051,52.36303065
87.7,0_55,463.3,3787.02,56,13.1,9.721661699,52.36302473
87.8,0_55,464.04,3785.94,56,13.06,9.721668347,52.3630188
87.9,0_55,464.78,3784.86,56,13.12,9.721674994,52.36301288
88,0_55,465.53,3783.78,56,13.13,9.721681731,52.36300695
88.1,0_55,466.27,3782.7,56,13.08,9.721688379,52.36300103
88.2,0_55,467.01,3781.61,56,13.14,9.721695027,52.36299505
88.3,0_55,467.75,3780.53,56,13.13,9.721701674,52.36298912
88.4,0_55,468.49,3779.45,56,13.09,9.721708322,52.3629832
88.5,0_55,469.24,3778.37,56,13.15,9.721715059,52.36297728
88.6,0_55,469.98,3777.28,56,13.14,9.721721706,52.3629713
88.7,0_55,470.72,3776.21,56,13.04,9.721728354,52.36296543
88.8,0_55,471.46,3775.13,56,13.07,9.721735002,52.3629595
88.9,0_55,472.2,3774.05,56,13.14,9.721741649,52.36295358
89,0_55,472.95,3772.96,56,13.16,9.721748386,52.3629476
89.1,0_55,473.69,3771.88,56,13.13,9.721755034,52.36294167
89.2,0_55,474.43,3770.8,56,13.07,9.721761682,52.36293575
89.3,0_55,475.17,3769.72,56,13.16,9.721768329,52.36292982
89.4,0_55,475.92,3768.63,56,13.12,9.721775066,52.36292385
89.5,0_55,476.65,3767.56,56,13.06,9.721781624,52.36291798
89.6,0_55,477.39,3766.48,56,13.05,9.721788272,52.36291205
89.7,0_55,478.14,3765.4,56,13.15,9.721795009,52.36290613
89.8,0_55,478.88,3764.32,56,13.07,9.721801657,52.3629002
89.9,0_55,479.62,3763.24,56,13.09,9.721808304,52.36289428
90,0_55,480.36,3762.16,56,13.13,9.721814952,52.36288835
90.1,0_55,481.1,3761.08,56,13.11,9.721821599,52.36288243
90.2,0_55,481.85,3759.99,56,13.16,9.721828337,52.36287645
90.3,0_55,482.59,3758.91,56,13.09,9.721834984,52.36287052
90.4,0_55,483.33,3757.83,56,13.11,9.721841632,52.3628646
90.5,0_55,484.07,3756.75,56,13.09,9.721848279,52.36285868
90.6,0_55,484.81,3755.68,56,13.05,9.721854927,52.36285281
90.7,0_55,485.55,3754.59,56,13.12,9.721861574,52.36284683
90.8,0_55,486.29,3753.52,56,13.04,9.721868222,52.36284096
90.9,0_55,487.03,3752.44,56,13.15,9.721874869,52.36283503
91,0_55,487.56,3751.16,56,13.05,9.72187963,52.36282801
91.1,0_55,488,3749.8,56,13.17,9.721883583,52.36282055
91.2,0_55,487.78,3748.43,56,13.06,9.721881607,52.36281304
91.3,0_55,487.44,3747.05,56,13.08,9.721878552,52.36280547
91.4,0_55,487.11,3745.67,56,13.1,9.721875588,52.3627979
91.5,0_55,487.39,3744.32,56,13.07,9.721878103,52.36279049
91.6,0_55,487.87,3742.98,56,13.09,9.721882415,52.36278314
91.7,0_55,488.6,3741.89,56,13.07,9.721888973,52.36277716
91.8,0_55,489.37,3740.83,56,13.14,9.72189589,52.36277134
91.9,0_55,490.14,3739.77,56,13.12,9.721902807,52.36276553
92,0_55,490.91,3738.7,56,13.17,9.721909724,52.36275966
92.1,0_55,491.68,3737.65,56,13.07,9.721916641,52.3627539
92.2,0_55,492.44,3736.59,56,13.1,9.721923468,52.36274809
92.3,0_55,493.21,3735.52,56,13.15,9.721930385,52.36274222
92.4,0_55,493.98,3734.46,56,13.16,9.721937302,52.3627364
92.5,0_55,494.75,3733.4,56,13.1,9.721944219,52.36273059
92.6,0_55,495.51,3732.34,56,13.09,9.721951046,52.36272477
92.7,0_55,496.28,3731.27,56,13.16,9.721957963,52.3627189
92.8,0_55,497.05,3730.21,56,13.13,9.72196488,52.36271309
92.9,0_55,497.82,3729.15,56,13.12,9.721971797,52.36270727
